#kernel,ldk #5,ldk #11,ldk #19,ldk #24,ldk #37,ldk #41,ldk #44,ldk #46,ldk #50,ldk #52,ldk #56,ldk #58
0.0,0.04697772559973685,0.05305602392240931,0.05101162704614328,0.05000346330303135,0.014644161979464304,0.020435775130228474,0.026528947492304538,0.011981036568685446,0.025883551902575953,0.021630386326684202,0.018223284786004896,0.01903208112634313
1.0,-0.3870635448003411,-0.38426329389318326,-0.3899627863160732,-0.3956779572409096,-0.35825159033484283,-0.3883568167611944,-0.33856466607901736,-0.39853642059968003,-0.41104101434349954,-0.4095561855256869,-0.3790517895785149,-0.37787920331066943
2.0,0.8039988956524111,0.8261883704129223,0.819191638092735,0.8228962916166045,1.2016749657365582,0.8746100319432386,1.2140871544491616,0.8844145098504863,0.8151981890008928,0.8149934636835848,0.9573221838819536,0.9549539651856119
3.0,2.750484935709966,2.805076151437852,2.9653047562158705,2.968383128314213,4.881648014229102,3.5149830361872763,4.852108817512591,3.390962166638163,3.07346197444187,3.03940166955778,3.502400040540035,3.455097927914955
