#kernel,ldk #5,ldk #11,ldk #19,ldk #24,ldk #37,ldk #41,ldk #44,ldk #46,ldk #50,ldk #52,ldk #56,ldk #58
0.0,-0.38249592724505915,-0.3890229628306571,-0.3746733321296539,-0.3758407853072886,-0.344374920453919,-0.38222036222696254,-0.3402539178860732,-0.38871091673132235,-0.4031242057301446,-0.41459817049584863,-0.3757312468405269,-0.36682111946700163
1.0,2.9849986128340253,2.9909828128933085,3.134027212169983,3.070159762104145,5.32897477265017,3.7636152187248824,5.338153408871498,3.603967308856644,3.30033971942544,3.2836509879255553,3.6852538334624434,3.6533783807618865
2.0,0.06327690077892698,0.06547147014910974,0.06412972429885658,0.06275184341709616,0.034263543129507995,0.03554143458886105,0.04176350803172578,0.03661247406085037,0.05212015788617398,0.03591894629241857,0.03855018687083048,0.04596134930752486
3.0,0.8861786850262209,0.8890852627516976,0.9090533981330763,0.8838100032729854,1.2830651462666605,0.9529528929837515,1.2967095257797483,0.9485069941517517,0.904001519373924,0.8971170133703933,1.0144568089794086,1.0198910691713141
