#kernel,ldk #5,ldk #11,ldk #19,ldk #24,ldk #37,ldk #41,ldk #44,ldk #46,ldk #50,ldk #52,ldk #56,ldk #58
0.0,-0.3898091622219584,-0.39183685513980115,-0.38428698592759825,-0.3941102645748329,-0.3484077832629153,-0.3839597815931255,-0.33815799416558556,-0.3976701608992491,-0.4122750307799864,-0.4178700848697941,-0.3848240454523901,-0.3807049770269344
1.0,2.8485677412753945,2.792862714580626,3.0340101596328197,2.935831869431998,4.690439874367476,3.4930620073790917,4.708938618926418,3.4014958328993825,3.113010739410595,3.0569041625589244,3.474999799983319,3.4366661594379275
2.0,0.046245576488132774,0.0508245116268289,0.04471600105078347,0.052249510796096084,0.01173384974733708,0.017458569385922725,0.022811128603971473,0.01793473825139246,0.028032304997114368,0.02102199990031362,0.019330040901205523,0.017845957163197552
3.0,0.8246196006069048,0.8203745261427924,0.8385101219751258,0.8154399251722203,1.1882377812600788,0.8831208135795195,1.210306772497493,0.8878233392055849,0.811666611719532,0.8112670668740533,0.9543404786337679,0.9489422928763076
