#kernel,ldk #5,ldk #11,ldk #19,ldk #24,ldk #37,ldk #41,ldk #44,ldk #46,ldk #50,ldk #52,ldk #56,ldk #58
0.0,-0.09536025009945935,-0.09744425680556738,-0.10129453920896367,-0.10720026163188306,-0.10622030374535965,-0.1082262565992979,-0.10072462899951135,-0.11867172879916814,-0.11938394395534911,-0.11696100135220723,-0.11365315815764455,-0.1180593110029076
1.0,1.490715016379081,1.5061675307141877,1.5335299928444805,1.5421529490084591,2.370656807233096,1.753669100431955,2.403828341897184,1.724711664673646,1.5506820044819152,1.5657621420851862,1.8412961866799213,1.7988376859504607
