#kernel,ldk #5,ldk #11,ldk #19,ldk #24,ldk #37,ldk #41,ldk #44,ldk #46,ldk #50,ldk #52,ldk #56,ldk #58
0.0,-0.09640186721176384,-0.09072931929434824,-0.09520193884864929,-0.09829499778573614,-0.10629822140951738,-0.11429329340044975,-0.09247016275697112,-0.12382094409335939,-0.1190961976136845,-0.12107550190237112,-0.11148606812688809,-0.11059150730721463
1.0,1.4575507963998031,1.4899245945719584,1.539448214430523,1.543895181580214,2.457221806060978,1.7647528563024597,2.4579082164966337,1.7328659835217086,1.5744007449022297,1.56319839828489,1.8212705637055226,1.804032847579691
