#kernel,ldk #5,ldk #11,ldk #19,ldk #24,ldk #37,ldk #41,ldk #44,ldk #46,ldk #50,ldk #52,ldk #56,ldk #58
0.0,-0.07937582678523902,-0.08391735017232708,-0.08216080092676363,-0.08904972340394503,-0.10074662620542407,-0.10202234624619795,-0.08989394608170656,-0.09970691748837301,-0.11224452808849937,-0.09683713401685574,-0.10103460656949945,-0.10258844847463963
1.0,1.574067299379564,1.572931279585479,1.6308034766093784,1.6433616874488632,2.734309683120343,1.9186389868810336,2.6775529321309306,1.8591351622122596,1.7230229793316372,1.6696612975953555,1.948333530794169,1.9589773351896118
