#kernel,ldk #5,ldk #11,ldk #19,ldk #24,ldk #37,ldk #41,ldk #44,ldk #46,ldk #50,ldk #52,ldk #56,ldk #58
0.0,-0.09433140101049939,-0.09529471963722574,-0.09036968433443714,-0.09300256582260949,-0.09592854377128938,-0.1107312375124275,-0.09036842426058829,-0.11331312189599699,-0.11017849943404942,-0.12434077489695002,-0.10695099219041522,-0.09890761300504225
1.0,1.5678298892151747,1.571187003267814,1.6313751744160168,1.5951068928772338,2.607597783219885,1.8657876232682666,2.621483122855846,1.813171403210376,1.6838465074424067,1.6740891988137654,1.8879667445097539,1.8813566819317005
