#kernel,ldk #5,ldk #11,ldk #19,ldk #24,ldk #37,ldk #41,ldk #44,ldk #46,ldk #50,ldk #52,ldk #56,ldk #58
0.0,-0.09821056302839128,-0.09613859243783639,-0.0967816657642655,-0.09719046640355167,-0.1040883485865402,-0.11413197980726453,-0.0938897078765164,-0.11945454948132712,-0.11938586119913427,-0.125416086447615,-0.11416926471402002,-0.1136981826963973
1.0,1.4832680906206517,1.4620732351337304,1.5521618454784514,1.5057441913770475,2.344769345896921,1.7345001915316407,2.367586537697186,1.709783590022079,1.5614020875600831,1.542920779176436,1.7840108116717435,1.7681910534203613
